subject_slug,subcategory_slug,chapter_slug,question_text,option_a,option_b,option_c,option_d,correct_option,explanation,difficulty,is_pyq,pyq_year,pyq_exam_name,source
maths,arithmetic-maths,percentage,"Kiran got 40% in a test and passed by 10 marks. If the pass marks in the test were 82, find the maximum marks of the test.",100,200,230,150,C,"Calculated: the candidate scored 82 + 10 = 92; 92 is 40% of the maximum, so 92 / 0.40 = 230.",EASY,false,,,"easy percentage questions.pdf, p. 2"
maths,arithmetic-maths,percentage,"In an election between two candidates, 85% of electorate cast their votes. 6% of votes polled were declared invalid. If winning candidate secured 60% of the valid votes, how many votes did the winning candidate receive if number of eligible voters was 10000?",4784,4804,4794,4824,C,"Calculated: 10,000 × 0.85 × 0.94 × 0.60 = 4,794.",EASY,false,,,"easy percentage questions.pdf, p. 4"
maths,arithmetic-maths,percentage,"Ashok spent Rs. 1,800 on books and Rs. 3,270 on stationery. He still was left with 35% of the total amount he had originally. Find the total amount he had originally.",Rs.6500,Rs.7800,Rs.5600,Rs.4500,B,"Calculated: spending was Rs. 5,070, which is 65% of the original amount; 5,070 / 0.65 = Rs. 7,800.",EASY,false,,,"easy percentage questions.pdf, p. 14"
maths,arithmetic-maths,percentage,"A number if reduced by 25% becomes 150. By what percent should it be increased so that it becomes 225?",12.5%,10.5%,15%,13.5%,A,"Calculated: the original number is 150 / 0.75 = 200; the increase to 225 is 25 / 200 = 12.5%.",EASY,false,,,"easy percentage questions.pdf, p. 19"
maths,arithmetic-maths,percentage,"In an entrance test one requires 522 marks out of a maximum of 600 to qualify. What is the cut-off in percentage terms?",87,88,85,86,A,"Calculated: 522 / 600 × 100 = 87%.",EASY,false,,,"easy percentage questions.pdf, p. 24"
maths,arithmetic-maths,percentage,"If A's salary is 60% more than B's salary, then by what percentage is B's salary less than that of A?",47.7%,33.3%,37.5%,45%,C,"Calculated: set B = 100 and A = 160; (160 − 100) / 160 × 100 = 37.5%.",EASY,false,,,"easy percentage questions.pdf, p. 26"
maths,arithmetic-maths,percentage,"A person saves 25% of his income. If he saves Rs 425 monthly, find his monthly income.",1600,2000,1700,1500,C,"Calculated: Rs. 425 is 25% of income, so income = 425 / 0.25 = Rs. 1,700.",EASY,false,,,"easy percentage questions.pdf, p. 28"
maths,arithmetic-maths,percentage,"What is 25% of 45% of 8/25 of 5000?",250,180,150,350,B,"Calculated: 0.25 × 0.45 × (8/25) × 5,000 = 180.",EASY,false,,,"easy percentage questions.pdf, p. 31"
maths,arithmetic-maths,percentage,"The number to be added to 20% of 680 to get 40% of 380 is:",18,16,14,22,B,"Calculated: 40% of 380 − 20% of 680 = 152 − 136 = 16.",EASY,false,,,"easy percentage questions.pdf, p. 32"
maths,arithmetic-maths,percentage,"The value of [(60% of 5) × (5% of 60)] is:",3,9,12,6,B,"Calculated: 60% of 5 = 3 and 5% of 60 = 3; their product is 9.",EASY,false,,,"easy percentage questions.pdf, p. 36"
maths,arithmetic-maths,percentage,"If 37.5% of a number is 360 then 62.5% of that number will be ?",800,900,600,700,C,"Calculated: 62.5 / 37.5 × 360 = 600.",EASY,false,,,"easy percentage questions.pdf, p. 39"
maths,arithmetic-maths,percentage,"A student got 20% marks and failed by 30 marks. Another student got 32% marks and scored 42 marks more than passing marks. Find the maximum marks in an examination.",600,700,500,400,A,"Calculated: the 12 percentage-point score difference equals 30 + 42 = 72 marks; maximum marks = 72 / 0.12 = 600.",EASY,false,,,"easy percentage questions.pdf, p. 45"
